[{"price":775,"origin":"Matsue-shi","destination":"Basyūn","id":"41b4a9b9-48c7-41cb-a4de-acc885893e73"},
{"price":1042,"origin":"Duodaoshi","destination":"Borås","id":"cab1591e-cb36-40d2-a105-a4fe240276fc"},
{"price":1261,"origin":"Chengshan","destination":"Kunsan","id":"ca18704e-703d-41c0-898e-4dd9e435e91c"},
{"price":254,"origin":"Pittsburgh","destination":"Banakaja","id":"20155915-dc0e-499c-953a-dadb670a956d"},
{"price":1657,"origin":"Cachada","destination":"Ranong","id":"39b4720d-b15f-4d7c-895d-f9e50a66a28f"},
{"price":1846,"origin":"Feyẕābād","destination":"Tromsø","id":"07822988-7775-4adf-98ed-8b181c5329f6"},
{"price":1875,"origin":"Dasuk","destination":"Wushi","id":"ca6d40cc-c3fb-49a1-9a63-dca89415f5c1"},
{"price":1468,"origin":"Jiuzihe","destination":"Byala","id":"3f804ef6-c49f-41d6-94bf-89c31f50aa6f"},
{"price":897,"origin":"Rybnoye","destination":"Lundo","id":"78fe19d5-4812-45ab-9976-1d73ca4c43c4"},
{"price":1900,"origin":"Safotulafai","destination":"Mūsá Qal‘ah","id":"47f4b42a-ed76-488a-af7a-527fceab382e"},
{"price":162,"origin":"Pinega","destination":"Rio de Moinhos","id":"9b1aa19e-2582-4d42-8e9d-46c998c9e81f"},
{"price":414,"origin":"Hadabei","destination":"Golden","id":"ce0ae55b-2285-4f91-b4a2-a5efbf8de1f9"},
{"price":1818,"origin":"Kawm Ḩamādah","destination":"Pengilon","id":"807deb91-885a-4b4b-b8ec-a68d4f65218d"},
{"price":1856,"origin":"Banjar Bengkelgede","destination":"Xiaomiaozi","id":"913719e2-ae3c-4f20-a35d-52b8453f055b"},
{"price":1145,"origin":"Cambridge","destination":"Singkup","id":"08d858ef-b259-4a94-976a-e6f2d07cb891"},
{"price":849,"origin":"Korczew","destination":"Baliuag Nuevo","id":"33a38e15-9eb4-4731-a896-783553fdc158"},
{"price":1202,"origin":"Shiree","destination":"Tai’an","id":"13082062-5ab5-4b1a-bbb0-ef78a25cc7c9"},
{"price":655,"origin":"Zhonghe","destination":"Azun Atme","id":"b8c2daf8-d757-45c9-970c-cbb205d584fd"},
{"price":1044,"origin":"Ma‘bar","destination":"Wujian","id":"8a8bc2ce-2abd-48bb-acae-e06a9ced2025"},
{"price":559,"origin":"Saint Pierre","destination":"Rouen","id":"74382d19-89f9-489b-b5e5-cead20347bd9"},
{"price":1884,"origin":"Nartkala","destination":"Kebonkalapa","id":"24450af8-1564-41b3-bd34-68dea402b913"},
{"price":541,"origin":"Marianowo","destination":"Kuteynykove","id":"79bc704c-9fdb-4965-9899-191be800fd58"},
{"price":152,"origin":"Gereykhanovskoye","destination":"Lebyazh’ye","id":"b94abd16-1b55-4d7c-bfff-61a535b4f529"},
{"price":295,"origin":"Tebingtinggi","destination":"Beihe","id":"27ebcab6-6a8a-4958-8acd-4c46c83ae3f8"},
{"price":1789,"origin":"Jefferson City","destination":"Bytkiv","id":"8cbcdce9-4a49-40b0-bdd5-3846d0766014"},
{"price":1257,"origin":"Krathum Baen","destination":"Varpaisjärvi","id":"3d0df45d-eb8b-4803-8aeb-e304b391900e"},
{"price":1619,"origin":"Witzenhausen","destination":"Yingtan","id":"48acf878-0c48-4112-9939-de7165e89895"},
{"price":1185,"origin":"Savran’","destination":"Tilburg","id":"86cbc218-7017-4d5d-a08c-e1c695479471"},
{"price":713,"origin":"Dingjia","destination":"Yishui","id":"80655186-cbb2-4c14-8568-3bb86cfb1ee2"},
{"price":887,"origin":"Luhanka","destination":"Bila","id":"0b14a921-c80d-4b60-8d5f-37843d33b022"},
{"price":400,"origin":"Brest","destination":"Tulungrejo","id":"29626f8d-7b9a-4b46-bca7-eb79eacbf442"},
{"price":257,"origin":"Wąwolnica","destination":"Ishikawa","id":"7865f898-b62d-4bb7-bda1-ccb161a895c5"},
{"price":1905,"origin":"Újezd","destination":"‘Attīl","id":"68e90524-eb07-4ba3-9efb-264595b2e5fd"},
{"price":939,"origin":"Wysokie Mazowieckie","destination":"Wenhe","id":"d733de15-ad19-49f4-bbca-c6fa41ebee74"},
{"price":1110,"origin":"Thị Trấn Tủa Chùa","destination":"Kasamwa","id":"a9c88a9d-b325-49a8-b89d-d8c7fa9f042b"},
{"price":1372,"origin":"Pohonsirih","destination":"Banī Mazār","id":"164039ea-a1b1-4f74-ac9b-f4127e78f861"},
{"price":272,"origin":"Nová Role","destination":"Klumbu","id":"eb2db17c-4f35-46aa-acd3-ca2efea73a2e"},
{"price":1332,"origin":"Nyköping","destination":"Belisario Dominguez","id":"115f7322-2846-4341-b8a5-890049428e40"},
{"price":1942,"origin":"Batobato","destination":"Barranca de Upía","id":"5128fa65-de04-4d51-b8e9-d26380735cfd"},
{"price":150,"origin":"Shihuang","destination":"Fovissste","id":"74332cd7-fd05-42e8-9a33-0801f165a431"},
{"price":1858,"origin":"Verkhnyaya Toyma","destination":"Stary Sącz","id":"b7412430-e0d4-4380-9992-b83171e7bb46"},
{"price":731,"origin":"Kawagoe","destination":"Xiaozhoushan","id":"b10009b2-7091-444a-b642-ac097020d394"},
{"price":659,"origin":"Kedrovyy","destination":"Ḩalabjah","id":"6d475e71-94ce-4991-af7b-5a1409e50a37"},
{"price":402,"origin":"Njurunda","destination":"Lafia","id":"2fe90c7f-2b84-4c95-82bb-633251960430"},
{"price":1707,"origin":"Troyits’ke","destination":"Enjitsu","id":"fd16699b-a787-497c-8267-b865838f3c53"},
{"price":1522,"origin":"Sengkerang Tiga","destination":"Preserje pri Radomljah","id":"b9d99f38-8e71-4cbb-92fa-7ceebed11b45"},
{"price":1748,"origin":"Kelungkung","destination":"María la Baja","id":"f34ca0b2-6108-4eb9-b54c-bd15126d0d4e"},
{"price":309,"origin":"Nong Phok","destination":"Xiaopu","id":"f042d65c-e6ac-4e42-ba5b-37d50dd59234"},
{"price":1852,"origin":"Beigao","destination":"Straldzha","id":"d8c7d986-a622-4cb2-9f6d-c8619a15de06"},
{"price":1929,"origin":"Isak","destination":"Maracaibo","id":"000e8521-55f5-49eb-b341-a7e789af7c13"},
{"price":475,"origin":"Batojaran","destination":"Tillabéri","id":"b2d4d95b-4267-444f-998a-011e93ee02c1"},
{"price":1059,"origin":"Celica","destination":"Madison","id":"1bb8f35b-5f19-4dab-9e5d-151e1ce6d50e"},
{"price":814,"origin":"Arnhem","destination":"Atyrá","id":"7e2f8d6c-41f2-44d9-9018-c2e774af3ccf"},
{"price":375,"origin":"Prostřední Bečva","destination":"Bairro dos Marinheiros","id":"b6aea07f-aa63-4cb8-8dfa-51671273ffb1"},
{"price":1601,"origin":"Dasheng","destination":"Freguesia do Ribeirao da Ilha","id":"325ac970-fd0a-428d-88ac-7faaab37ddae"},
{"price":655,"origin":"Ash Shuqayrah","destination":"Zhongpai","id":"7de44779-3f63-4d30-9f8b-4bfc94fb40ee"},
{"price":575,"origin":"Zmiyëvka","destination":"Penambangan","id":"e6795e40-3b77-4bc7-a8cd-ab98c41c9cba"},
{"price":1939,"origin":"Tokombere","destination":"Thới Bình","id":"7bbc317d-5f79-4f86-851a-1f1d17e680df"},
{"price":547,"origin":"Jiucheng","destination":"Čačinci","id":"361f0a10-c61f-4c54-b0ae-7cc2c3fd1cdb"},
{"price":959,"origin":"Changping","destination":"Xinji","id":"4067d290-4b25-4b76-97a3-c55a71cb7494"},
{"price":955,"origin":"L’vovskiy","destination":"Morropón","id":"95977662-6c9c-4fe8-ac58-4e88b24bb201"},
{"price":1341,"origin":"Bagong Barrio","destination":"Chuandao","id":"2b3b6cec-d4cf-4703-983d-debb6801043b"},
{"price":1356,"origin":"Masḩah","destination":"Rio Largo","id":"333ed348-0e43-4ca0-bc31-61b79116c201"},
{"price":1331,"origin":"Rawuk","destination":"Phatthaya","id":"9f3c0c7a-de97-43e1-9025-5a2715d30516"},
{"price":1683,"origin":"Qiqing","destination":"Limoncito","id":"a676798b-bd9e-4baa-917c-67f19aa44c79"},
{"price":1115,"origin":"Wichit","destination":"Mukayrās","id":"f92a77cd-e59e-4cc2-9e6f-c14d88393942"},
{"price":770,"origin":"Gongrong","destination":"Solok","id":"91e4358b-b7d5-4be8-aaf8-71c0b23bd587"},
{"price":728,"origin":"Mós","destination":"Kankan","id":"60d88b10-c472-428f-952c-0029387e6720"},
{"price":1116,"origin":"Chalaco","destination":"Palompon","id":"01af7df7-237f-4ffb-ae2d-7e8ab165acd7"},
{"price":680,"origin":"Liaoyang","destination":"Arenas","id":"db6a5a78-6309-455f-af4a-1137fa268465"},
{"price":203,"origin":"Totoras","destination":"Yuktae-dong","id":"8cdb3a39-3472-46ef-9b48-8e69a1b4890c"},
{"price":1588,"origin":"Pôrto Barra do Ivinheima","destination":"Gračac","id":"0fcef44f-df70-4ae2-8968-71db41029ce0"},
{"price":1363,"origin":"Korolevo","destination":"Manjacaze","id":"ff2ba560-a932-41b5-80cb-241700f67ef7"},
{"price":154,"origin":"Colorado Springs","destination":"Baitashan","id":"1fe187fc-f297-4dc6-b1e1-56c59ecdfd73"},
{"price":891,"origin":"Francisco Villa","destination":"Katav-Ivanovsk","id":"fab0ce80-358c-4483-b886-f1e69ca042d0"},
{"price":216,"origin":"Corinto","destination":"Odienné","id":"e4e5c398-1988-46d9-a177-7e8b859657fb"},
{"price":760,"origin":"Obando","destination":"Cajamarca","id":"5beba5e7-5442-4081-8b24-da69859c4c20"},
{"price":581,"origin":"Raleigh","destination":"Cigenca","id":"5d2b48b2-07f2-4d4b-afd3-c221b35ced0a"},
{"price":107,"origin":"Pantian","destination":"Gradizhsk","id":"46514342-723b-43ad-96da-e6843f1b466d"},
{"price":1415,"origin":"West Kelowna","destination":"Fernandópolis","id":"53c461f8-7499-4694-9a2d-148ee937075c"},
{"price":1437,"origin":"Dzüünkharaa","destination":"San Jose","id":"320fb734-1a60-47a1-8f2e-bc65fd7fc684"},
{"price":1694,"origin":"Zhongxin","destination":"Igaraçu do Tietê","id":"b3d6bddd-7384-472e-8254-518886d87795"},
{"price":1126,"origin":"Vittel","destination":"Wonorejo","id":"f9ef7195-5bbb-4d0a-b220-0a8abd08175c"},
{"price":1476,"origin":"Kuantan","destination":"Tanjungbatu","id":"c500c3d5-84ee-450e-ab79-8c8c12f9c1f1"},
{"price":788,"origin":"Denver","destination":"Yaosai","id":"4c43d749-4e21-4f8b-8ec3-49900e049180"},
{"price":118,"origin":"Mistrató","destination":"Baizhu","id":"02f55775-c31a-4e76-bd74-b0bcff93399a"},
{"price":1175,"origin":"Borlänge","destination":"Oni","id":"ac2caf13-be71-4e30-aaae-83cb9be47327"},
{"price":566,"origin":"Tayasan","destination":"Suvorovo","id":"00ab1480-dc3c-466e-bfae-9a7e1980c2a4"},
{"price":1160,"origin":"Rancasadang","destination":"Uzdin","id":"ed2b8ef8-c6fe-41f9-8c9b-2ab9618cacec"},
{"price":145,"origin":"Tambillo","destination":"Yunxi","id":"219ad833-7432-4a3f-89c4-2267f9b45db5"},
{"price":1383,"origin":"Iaçu","destination":"Gällivare","id":"61231416-2ee5-498d-8478-1ae259fb3a1b"},
{"price":837,"origin":"Jiulong","destination":"Krasnaya Polyana","id":"68e3c238-7593-4b3b-9898-832715752eb3"},
{"price":356,"origin":"Wuqishan","destination":"Adani","id":"f0349184-1494-45f9-bfbb-8642e208a5af"},
{"price":1755,"origin":"Quelimane","destination":"Shicheng","id":"d6b89873-5f8b-4fd6-be29-322cea524acb"},
{"price":334,"origin":"Rato","destination":"Qidu","id":"76fab6e7-31b7-4b86-8ace-d073fc327172"},
{"price":272,"origin":"Karangmelok","destination":"Hejia","id":"5a7f9331-da93-45b8-9c74-52d8e205d9bd"},
{"price":249,"origin":"Xiayunling","destination":"Manat","id":"3966dca4-2a04-4265-84b5-a99ad1e16da9"},
{"price":1165,"origin":"Valle de Guanape","destination":"Leskovec pri Krškem","id":"a7bf6979-f983-4e3d-b9b4-0c4a65884d2f"},
{"price":1030,"origin":"Sukasari","destination":"Vrtojba","id":"a6f5dcc6-72ca-452b-9183-611e2dbed93f"},
{"price":1743,"origin":"Vostryakovo","destination":"Guaíba","id":"df028bb9-9881-4f02-a3fe-b93769d000a7"}]